{
  "Total" : {
    "transaction" : "Total",
    "sampleCount" : 10,
    "errorCount" : 0,
    "errorPct" : 0.0,
    "meanResTime" : 13062.400000000001,
    "medianResTime" : 13574.5,
    "minResTime" : 10415.0,
    "maxResTime" : 13845.0,
    "pct1ResTime" : 13840.6,
    "pct2ResTime" : 13845.0,
    "pct3ResTime" : 13845.0,
    "throughput" : 0.6975446428571429,
    "receivedKBytesPerSec" : 0.0,
    "sentKBytesPerSec" : 0.0
  },
  "sync" : {
    "transaction" : "sync",
    "sampleCount" : 10,
    "errorCount" : 0,
    "errorPct" : 0.0,
    "meanResTime" : 13062.400000000001,
    "medianResTime" : 13574.5,
    "minResTime" : 10415.0,
    "maxResTime" : 13845.0,
    "pct1ResTime" : 13840.6,
    "pct2ResTime" : 13845.0,
    "pct3ResTime" : 13845.0,
    "throughput" : 0.6975446428571429,
    "receivedKBytesPerSec" : 0.0,
    "sentKBytesPerSec" : 0.0
  }
}