{
  "Total" : {
    "transaction" : "Total",
    "sampleCount" : 100,
    "errorCount" : 0,
    "errorPct" : 0.0,
    "meanResTime" : 149831.24000000002,
    "medianResTime" : 161417.0,
    "minResTime" : 51931.0,
    "maxResTime" : 162376.0,
    "pct1ResTime" : 162086.3,
    "pct2ResTime" : 162299.25,
    "pct3ResTime" : 162375.76,
    "throughput" : 0.6146054847393458,
    "receivedKBytesPerSec" : 0.0,
    "sentKBytesPerSec" : 0.0
  },
  "sync" : {
    "transaction" : "sync",
    "sampleCount" : 100,
    "errorCount" : 0,
    "errorPct" : 0.0,
    "meanResTime" : 149831.24000000002,
    "medianResTime" : 161417.0,
    "minResTime" : 51931.0,
    "maxResTime" : 162376.0,
    "pct1ResTime" : 162086.3,
    "pct2ResTime" : 162299.25,
    "pct3ResTime" : 162375.76,
    "throughput" : 0.6146054847393458,
    "receivedKBytesPerSec" : 0.0,
    "sentKBytesPerSec" : 0.0
  }
}