{
  "Total" : {
    "transaction" : "Total",
    "sampleCount" : 100,
    "errorCount" : 0,
    "errorPct" : 0.0,
    "meanResTime" : 147430.58000000002,
    "medianResTime" : 159620.0,
    "minResTime" : 53923.0,
    "maxResTime" : 161600.0,
    "pct1ResTime" : 161234.2,
    "pct2ResTime" : 161333.4,
    "pct3ResTime" : 161599.0,
    "throughput" : 0.6175927469907794,
    "receivedKBytesPerSec" : 0.0,
    "sentKBytesPerSec" : 0.0
  },
  "sync" : {
    "transaction" : "sync",
    "sampleCount" : 100,
    "errorCount" : 0,
    "errorPct" : 0.0,
    "meanResTime" : 147430.58000000002,
    "medianResTime" : 159620.0,
    "minResTime" : 53923.0,
    "maxResTime" : 161600.0,
    "pct1ResTime" : 161234.2,
    "pct2ResTime" : 161333.4,
    "pct3ResTime" : 161599.0,
    "throughput" : 0.6175927469907794,
    "receivedKBytesPerSec" : 0.0,
    "sentKBytesPerSec" : 0.0
  }
}