{
  "Total" : {
    "transaction" : "Total",
    "sampleCount" : 100,
    "errorCount" : 0,
    "errorPct" : 0.0,
    "meanResTime" : 156323.52000000002,
    "medianResTime" : 163744.5,
    "minResTime" : 51237.0,
    "maxResTime" : 164919.0,
    "pct1ResTime" : 164588.1,
    "pct2ResTime" : 164787.75,
    "pct3ResTime" : 164918.6,
    "throughput" : 0.6055908143985271,
    "receivedKBytesPerSec" : 0.0,
    "sentKBytesPerSec" : 0.0
  },
  "sync" : {
    "transaction" : "sync",
    "sampleCount" : 100,
    "errorCount" : 0,
    "errorPct" : 0.0,
    "meanResTime" : 156323.52000000002,
    "medianResTime" : 163744.5,
    "minResTime" : 51237.0,
    "maxResTime" : 164919.0,
    "pct1ResTime" : 164588.1,
    "pct2ResTime" : 164787.75,
    "pct3ResTime" : 164918.6,
    "throughput" : 0.6055908143985271,
    "receivedKBytesPerSec" : 0.0,
    "sentKBytesPerSec" : 0.0
  }
}