{
  "Total" : {
    "transaction" : "Total",
    "sampleCount" : 10,
    "errorCount" : 0,
    "errorPct" : 0.0,
    "meanResTime" : 13239.699999999999,
    "medianResTime" : 13418.0,
    "minResTime" : 12034.0,
    "maxResTime" : 13807.0,
    "pct1ResTime" : 13797.1,
    "pct2ResTime" : 13807.0,
    "pct3ResTime" : 13807.0,
    "throughput" : 0.7072135785007072,
    "receivedKBytesPerSec" : 0.0,
    "sentKBytesPerSec" : 0.0
  },
  "sync" : {
    "transaction" : "sync",
    "sampleCount" : 10,
    "errorCount" : 0,
    "errorPct" : 0.0,
    "meanResTime" : 13239.699999999999,
    "medianResTime" : 13418.0,
    "minResTime" : 12034.0,
    "maxResTime" : 13807.0,
    "pct1ResTime" : 13797.1,
    "pct2ResTime" : 13807.0,
    "pct3ResTime" : 13807.0,
    "throughput" : 0.7072135785007072,
    "receivedKBytesPerSec" : 0.0,
    "sentKBytesPerSec" : 0.0
  }
}