{
  "Total" : {
    "transaction" : "Total",
    "sampleCount" : 30,
    "errorCount" : 0,
    "errorPct" : 0.0,
    "meanResTime" : 61759.066666666666,
    "medianResTime" : 64896.5,
    "minResTime" : 43561.0,
    "maxResTime" : 66109.0,
    "pct1ResTime" : 65972.2,
    "pct2ResTime" : 66049.05,
    "pct3ResTime" : 66109.0,
    "throughput" : 0.4483031724921173,
    "receivedKBytesPerSec" : 0.0,
    "sentKBytesPerSec" : 0.0
  },
  "sync" : {
    "transaction" : "sync",
    "sampleCount" : 30,
    "errorCount" : 0,
    "errorPct" : 0.0,
    "meanResTime" : 61759.066666666666,
    "medianResTime" : 64896.5,
    "minResTime" : 43561.0,
    "maxResTime" : 66109.0,
    "pct1ResTime" : 65972.2,
    "pct2ResTime" : 66049.05,
    "pct3ResTime" : 66109.0,
    "throughput" : 0.4483031724921173,
    "receivedKBytesPerSec" : 0.0,
    "sentKBytesPerSec" : 0.0
  }
}