{
  "Total" : {
    "transaction" : "Total",
    "sampleCount" : 30,
    "errorCount" : 0,
    "errorPct" : 0.0,
    "meanResTime" : 81408.10000000002,
    "medianResTime" : 81732.0,
    "minResTime" : 75206.0,
    "maxResTime" : 83021.0,
    "pct1ResTime" : 82887.0,
    "pct2ResTime" : 82997.35,
    "pct3ResTime" : 83021.0,
    "throughput" : 0.3594364037189687,
    "receivedKBytesPerSec" : 0.0,
    "sentKBytesPerSec" : 0.0
  },
  "sync" : {
    "transaction" : "sync",
    "sampleCount" : 30,
    "errorCount" : 0,
    "errorPct" : 0.0,
    "meanResTime" : 81408.10000000002,
    "medianResTime" : 81732.0,
    "minResTime" : 75206.0,
    "maxResTime" : 83021.0,
    "pct1ResTime" : 82887.0,
    "pct2ResTime" : 82997.35,
    "pct3ResTime" : 83021.0,
    "throughput" : 0.3594364037189687,
    "receivedKBytesPerSec" : 0.0,
    "sentKBytesPerSec" : 0.0
  }
}