{
  "Total" : {
    "transaction" : "Total",
    "sampleCount" : 10,
    "errorCount" : 0,
    "errorPct" : 0.0,
    "meanResTime" : 12960.300000000001,
    "medianResTime" : 13357.0,
    "minResTime" : 10999.0,
    "maxResTime" : 13831.0,
    "pct1ResTime" : 13823.8,
    "pct2ResTime" : 13831.0,
    "pct3ResTime" : 13831.0,
    "throughput" : 0.7069635913750442,
    "receivedKBytesPerSec" : 0.0,
    "sentKBytesPerSec" : 0.0
  },
  "sync" : {
    "transaction" : "sync",
    "sampleCount" : 10,
    "errorCount" : 0,
    "errorPct" : 0.0,
    "meanResTime" : 12960.300000000001,
    "medianResTime" : 13357.0,
    "minResTime" : 10999.0,
    "maxResTime" : 13831.0,
    "pct1ResTime" : 13823.8,
    "pct2ResTime" : 13831.0,
    "pct3ResTime" : 13831.0,
    "throughput" : 0.7069635913750442,
    "receivedKBytesPerSec" : 0.0,
    "sentKBytesPerSec" : 0.0
  }
}