{
  "Total" : {
    "transaction" : "Total",
    "sampleCount" : 100,
    "errorCount" : 0,
    "errorPct" : 0.0,
    "meanResTime" : 199049.23999999996,
    "medianResTime" : 211197.5,
    "minResTime" : 48917.0,
    "maxResTime" : 213605.0,
    "pct1ResTime" : 212940.7,
    "pct2ResTime" : 213124.0,
    "pct3ResTime" : 213600.88999999998,
    "throughput" : 0.4666573335199963,
    "receivedKBytesPerSec" : 0.0,
    "sentKBytesPerSec" : 0.0
  },
  "sync" : {
    "transaction" : "sync",
    "sampleCount" : 100,
    "errorCount" : 0,
    "errorPct" : 0.0,
    "meanResTime" : 199049.23999999996,
    "medianResTime" : 211197.5,
    "minResTime" : 48917.0,
    "maxResTime" : 213605.0,
    "pct1ResTime" : 212940.7,
    "pct2ResTime" : 213124.0,
    "pct3ResTime" : 213600.88999999998,
    "throughput" : 0.4666573335199963,
    "receivedKBytesPerSec" : 0.0,
    "sentKBytesPerSec" : 0.0
  }
}