{
  "Total" : {
    "transaction" : "Total",
    "sampleCount" : 100,
    "errorCount" : 0,
    "errorPct" : 0.0,
    "meanResTime" : 196525.27000000005,
    "medianResTime" : 208156.0,
    "minResTime" : 51062.0,
    "maxResTime" : 210415.0,
    "pct1ResTime" : 210048.5,
    "pct2ResTime" : 210127.75,
    "pct3ResTime" : 210413.03,
    "throughput" : 0.4747616696418398,
    "receivedKBytesPerSec" : 0.0,
    "sentKBytesPerSec" : 0.0
  },
  "sync" : {
    "transaction" : "sync",
    "sampleCount" : 100,
    "errorCount" : 0,
    "errorPct" : 0.0,
    "meanResTime" : 196525.27000000005,
    "medianResTime" : 208156.0,
    "minResTime" : 51062.0,
    "maxResTime" : 210415.0,
    "pct1ResTime" : 210048.5,
    "pct2ResTime" : 210127.75,
    "pct3ResTime" : 210413.03,
    "throughput" : 0.4747616696418398,
    "receivedKBytesPerSec" : 0.0,
    "sentKBytesPerSec" : 0.0
  }
}