{
  "Total" : {
    "transaction" : "Total",
    "sampleCount" : 10,
    "errorCount" : 0,
    "errorPct" : 0.0,
    "meanResTime" : 11958.099999999999,
    "medianResTime" : 11965.0,
    "minResTime" : 11492.0,
    "maxResTime" : 12409.0,
    "pct1ResTime" : 12401.1,
    "pct2ResTime" : 12409.0,
    "pct3ResTime" : 12409.0,
    "throughput" : 0.8048289738430583,
    "receivedKBytesPerSec" : 0.0,
    "sentKBytesPerSec" : 0.0
  },
  "sync" : {
    "transaction" : "sync",
    "sampleCount" : 10,
    "errorCount" : 0,
    "errorPct" : 0.0,
    "meanResTime" : 11958.099999999999,
    "medianResTime" : 11965.0,
    "minResTime" : 11492.0,
    "maxResTime" : 12409.0,
    "pct1ResTime" : 12401.1,
    "pct2ResTime" : 12409.0,
    "pct3ResTime" : 12409.0,
    "throughput" : 0.8048289738430583,
    "receivedKBytesPerSec" : 0.0,
    "sentKBytesPerSec" : 0.0
  }
}