{
  "Total" : {
    "transaction" : "Total",
    "sampleCount" : 10,
    "errorCount" : 0,
    "errorPct" : 0.0,
    "meanResTime" : 13813.699999999999,
    "medianResTime" : 14210.5,
    "minResTime" : 11842.0,
    "maxResTime" : 14723.0,
    "pct1ResTime" : 14712.9,
    "pct2ResTime" : 14723.0,
    "pct3ResTime" : 14723.0,
    "throughput" : 0.6706458319361545,
    "receivedKBytesPerSec" : 0.0,
    "sentKBytesPerSec" : 0.0
  },
  "sync" : {
    "transaction" : "sync",
    "sampleCount" : 10,
    "errorCount" : 0,
    "errorPct" : 0.0,
    "meanResTime" : 13813.699999999999,
    "medianResTime" : 14210.5,
    "minResTime" : 11842.0,
    "maxResTime" : 14723.0,
    "pct1ResTime" : 14712.9,
    "pct2ResTime" : 14723.0,
    "pct3ResTime" : 14723.0,
    "throughput" : 0.6706458319361545,
    "receivedKBytesPerSec" : 0.0,
    "sentKBytesPerSec" : 0.0
  }
}