{
  "Total" : {
    "transaction" : "Total",
    "sampleCount" : 10,
    "errorCount" : 0,
    "errorPct" : 0.0,
    "meanResTime" : 12375.100000000002,
    "medianResTime" : 12460.0,
    "minResTime" : 11438.0,
    "maxResTime" : 12873.0,
    "pct1ResTime" : 12862.4,
    "pct2ResTime" : 12873.0,
    "pct3ResTime" : 12873.0,
    "throughput" : 0.7648183556405354,
    "receivedKBytesPerSec" : 0.0,
    "sentKBytesPerSec" : 0.0
  },
  "sync" : {
    "transaction" : "sync",
    "sampleCount" : 10,
    "errorCount" : 0,
    "errorPct" : 0.0,
    "meanResTime" : 12375.100000000002,
    "medianResTime" : 12460.0,
    "minResTime" : 11438.0,
    "maxResTime" : 12873.0,
    "pct1ResTime" : 12862.4,
    "pct2ResTime" : 12873.0,
    "pct3ResTime" : 12873.0,
    "throughput" : 0.7648183556405354,
    "receivedKBytesPerSec" : 0.0,
    "sentKBytesPerSec" : 0.0
  }
}