{
  "Total" : {
    "transaction" : "Total",
    "sampleCount" : 10,
    "errorCount" : 0,
    "errorPct" : 0.0,
    "meanResTime" : 12162.900000000001,
    "medianResTime" : 12250.5,
    "minResTime" : 11567.0,
    "maxResTime" : 12571.0,
    "pct1ResTime" : 12562.0,
    "pct2ResTime" : 12571.0,
    "pct3ResTime" : 12571.0,
    "throughput" : 0.7752538956508257,
    "receivedKBytesPerSec" : 0.0,
    "sentKBytesPerSec" : 0.0
  },
  "sync" : {
    "transaction" : "sync",
    "sampleCount" : 10,
    "errorCount" : 0,
    "errorPct" : 0.0,
    "meanResTime" : 12162.900000000001,
    "medianResTime" : 12250.5,
    "minResTime" : 11567.0,
    "maxResTime" : 12571.0,
    "pct1ResTime" : 12562.0,
    "pct2ResTime" : 12571.0,
    "pct3ResTime" : 12571.0,
    "throughput" : 0.7752538956508257,
    "receivedKBytesPerSec" : 0.0,
    "sentKBytesPerSec" : 0.0
  }
}