{
  "Total" : {
    "transaction" : "Total",
    "sampleCount" : 60,
    "errorCount" : 0,
    "errorPct" : 0.0,
    "meanResTime" : 115594.3666666667,
    "medianResTime" : 124907.0,
    "minResTime" : 53732.0,
    "maxResTime" : 126006.0,
    "pct1ResTime" : 125669.4,
    "pct2ResTime" : 125836.05,
    "pct3ResTime" : 126006.0,
    "throughput" : 0.4753680140708932,
    "receivedKBytesPerSec" : 0.0,
    "sentKBytesPerSec" : 0.0
  },
  "sync" : {
    "transaction" : "sync",
    "sampleCount" : 60,
    "errorCount" : 0,
    "errorPct" : 0.0,
    "meanResTime" : 115594.3666666667,
    "medianResTime" : 124907.0,
    "minResTime" : 53732.0,
    "maxResTime" : 126006.0,
    "pct1ResTime" : 125669.4,
    "pct2ResTime" : 125836.05,
    "pct3ResTime" : 126006.0,
    "throughput" : 0.4753680140708932,
    "receivedKBytesPerSec" : 0.0,
    "sentKBytesPerSec" : 0.0
  }
}