{
  "Total" : {
    "transaction" : "Total",
    "sampleCount" : 60,
    "errorCount" : 0,
    "errorPct" : 0.0,
    "meanResTime" : 116229.31666666665,
    "medianResTime" : 123719.0,
    "minResTime" : 50138.0,
    "maxResTime" : 124691.0,
    "pct1ResTime" : 124371.3,
    "pct2ResTime" : 124440.25,
    "pct3ResTime" : 124691.0,
    "throughput" : 0.48018054788600517,
    "receivedKBytesPerSec" : 0.0,
    "sentKBytesPerSec" : 0.0
  },
  "sync" : {
    "transaction" : "sync",
    "sampleCount" : 60,
    "errorCount" : 0,
    "errorPct" : 0.0,
    "meanResTime" : 116229.31666666665,
    "medianResTime" : 123719.0,
    "minResTime" : 50138.0,
    "maxResTime" : 124691.0,
    "pct1ResTime" : 124371.3,
    "pct2ResTime" : 124440.25,
    "pct3ResTime" : 124691.0,
    "throughput" : 0.48018054788600517,
    "receivedKBytesPerSec" : 0.0,
    "sentKBytesPerSec" : 0.0
  }
}