{
  "Total" : {
    "transaction" : "Total",
    "sampleCount" : 60,
    "errorCount" : 0,
    "errorPct" : 0.0,
    "meanResTime" : 153713.63333333333,
    "medianResTime" : 163703.0,
    "minResTime" : 54113.0,
    "maxResTime" : 165173.0,
    "pct1ResTime" : 164822.4,
    "pct2ResTime" : 165065.05,
    "pct3ResTime" : 165173.0,
    "throughput" : 0.3626999383410105,
    "receivedKBytesPerSec" : 0.0,
    "sentKBytesPerSec" : 0.0
  },
  "sync" : {
    "transaction" : "sync",
    "sampleCount" : 60,
    "errorCount" : 0,
    "errorPct" : 0.0,
    "meanResTime" : 153713.63333333333,
    "medianResTime" : 163703.0,
    "minResTime" : 54113.0,
    "maxResTime" : 165173.0,
    "pct1ResTime" : 164822.4,
    "pct2ResTime" : 165065.05,
    "pct3ResTime" : 165173.0,
    "throughput" : 0.3626999383410105,
    "receivedKBytesPerSec" : 0.0,
    "sentKBytesPerSec" : 0.0
  }
}