{
  "Total" : {
    "transaction" : "Total",
    "sampleCount" : 60,
    "errorCount" : 0,
    "errorPct" : 0.0,
    "meanResTime" : 152217.33333333337,
    "medianResTime" : 163585.0,
    "minResTime" : 47984.0,
    "maxResTime" : 164555.0,
    "pct1ResTime" : 164177.8,
    "pct2ResTime" : 164318.75,
    "pct3ResTime" : 164555.0,
    "throughput" : 0.36426112665966476,
    "receivedKBytesPerSec" : 0.0,
    "sentKBytesPerSec" : 0.0
  },
  "sync" : {
    "transaction" : "sync",
    "sampleCount" : 60,
    "errorCount" : 0,
    "errorPct" : 0.0,
    "meanResTime" : 152217.33333333337,
    "medianResTime" : 163585.0,
    "minResTime" : 47984.0,
    "maxResTime" : 164555.0,
    "pct1ResTime" : 164177.8,
    "pct2ResTime" : 164318.75,
    "pct3ResTime" : 164555.0,
    "throughput" : 0.36426112665966476,
    "receivedKBytesPerSec" : 0.0,
    "sentKBytesPerSec" : 0.0
  }
}