{
  "Total" : {
    "transaction" : "Total",
    "sampleCount" : 10,
    "errorCount" : 0,
    "errorPct" : 0.0,
    "meanResTime" : 12224.800000000001,
    "medianResTime" : 12184.5,
    "minResTime" : 11961.0,
    "maxResTime" : 12696.0,
    "pct1ResTime" : 12676.1,
    "pct2ResTime" : 12696.0,
    "pct3ResTime" : 12696.0,
    "throughput" : 0.7719027402547279,
    "receivedKBytesPerSec" : 0.0,
    "sentKBytesPerSec" : 0.0
  },
  "sync" : {
    "transaction" : "sync",
    "sampleCount" : 10,
    "errorCount" : 0,
    "errorPct" : 0.0,
    "meanResTime" : 12224.800000000001,
    "medianResTime" : 12184.5,
    "minResTime" : 11961.0,
    "maxResTime" : 12696.0,
    "pct1ResTime" : 12676.1,
    "pct2ResTime" : 12696.0,
    "pct3ResTime" : 12696.0,
    "throughput" : 0.7719027402547279,
    "receivedKBytesPerSec" : 0.0,
    "sentKBytesPerSec" : 0.0
  }
}