{
  "Total" : {
    "transaction" : "Total",
    "sampleCount" : 100,
    "errorCount" : 3,
    "errorPct" : 3.0,
    "meanResTime" : 247234.84999999995,
    "medianResTime" : 268978.5,
    "minResTime" : 52043.0,
    "maxResTime" : 270616.0,
    "pct1ResTime" : 270252.6,
    "pct2ResTime" : 270448.8,
    "pct3ResTime" : 270615.98,
    "throughput" : 0.36916715888954516,
    "receivedKBytesPerSec" : 0.0,
    "sentKBytesPerSec" : 0.0
  },
  "sync" : {
    "transaction" : "sync",
    "sampleCount" : 100,
    "errorCount" : 3,
    "errorPct" : 3.0,
    "meanResTime" : 247234.84999999995,
    "medianResTime" : 268978.5,
    "minResTime" : 52043.0,
    "maxResTime" : 270616.0,
    "pct1ResTime" : 270252.6,
    "pct2ResTime" : 270448.8,
    "pct3ResTime" : 270615.98,
    "throughput" : 0.36916715888954516,
    "receivedKBytesPerSec" : 0.0,
    "sentKBytesPerSec" : 0.0
  }
}