{
  "Total" : {
    "transaction" : "Total",
    "sampleCount" : 10,
    "errorCount" : 0,
    "errorPct" : 0.0,
    "meanResTime" : 13273.699999999999,
    "medianResTime" : 13362.5,
    "minResTime" : 12709.0,
    "maxResTime" : 13689.0,
    "pct1ResTime" : 13678.6,
    "pct2ResTime" : 13689.0,
    "pct3ResTime" : 13689.0,
    "throughput" : 0.7184940364994971,
    "receivedKBytesPerSec" : 0.0,
    "sentKBytesPerSec" : 0.0
  },
  "sync" : {
    "transaction" : "sync",
    "sampleCount" : 10,
    "errorCount" : 0,
    "errorPct" : 0.0,
    "meanResTime" : 13273.699999999999,
    "medianResTime" : 13362.5,
    "minResTime" : 12709.0,
    "maxResTime" : 13689.0,
    "pct1ResTime" : 13678.6,
    "pct2ResTime" : 13689.0,
    "pct3ResTime" : 13689.0,
    "throughput" : 0.7184940364994971,
    "receivedKBytesPerSec" : 0.0,
    "sentKBytesPerSec" : 0.0
  }
}