{
  "Total" : {
    "transaction" : "Total",
    "sampleCount" : 60,
    "errorCount" : 0,
    "errorPct" : 0.0,
    "meanResTime" : 89454.99999999999,
    "medianResTime" : 94914.0,
    "minResTime" : 50839.0,
    "maxResTime" : 96764.0,
    "pct1ResTime" : 96041.2,
    "pct2ResTime" : 96334.65,
    "pct3ResTime" : 96764.0,
    "throughput" : 0.6186523689230293,
    "receivedKBytesPerSec" : 0.0,
    "sentKBytesPerSec" : 0.0
  },
  "sync" : {
    "transaction" : "sync",
    "sampleCount" : 60,
    "errorCount" : 0,
    "errorPct" : 0.0,
    "meanResTime" : 89454.99999999999,
    "medianResTime" : 94914.0,
    "minResTime" : 50839.0,
    "maxResTime" : 96764.0,
    "pct1ResTime" : 96041.2,
    "pct2ResTime" : 96334.65,
    "pct3ResTime" : 96764.0,
    "throughput" : 0.6186523689230293,
    "receivedKBytesPerSec" : 0.0,
    "sentKBytesPerSec" : 0.0
  }
}